"line","type","label","title","section","subsection","stmt_end","proof_start","proof_end","proof_kind","refs","cites","ref_count","cite_count"
"104","theorem","thm:main_reduction","Reduction to global $J$-contractivity","Introduction and overview","","121","122","140","","cor:mobius_herglotz;cor:rh_from_Lstar;sec:passivity_anchor;thm:final_bridge_closed;thm:Lstar;thm:RH_from_anchor","","6","0"
"214","lemma","lem:W0","The point $z=0$ is regular and $W(0)=1$","Reverse compression: global Schur from a high-line strict contraction bound","The basepoint $W(0)=1$ and well-definedness at $z=0$","219","221","240","","","","0","0"
"411","lemma","lem:W_unit_real","Unit modulus on $\mathbb R$","Canonical system realisation via passivity","Boundary unit-modulus on the real axis","413","415","444","","","","0","0"
"455","lemma","lem:highline_contraction","Uniform positivity of $\Im H$ on a high line","Canonical system realisation via passivity","High-line strict contraction via the functional equation","462","464","506","","eq:H_reflect","","1","0"
"561","lemma","lem:no_pole_nevanlinna","Log-derivative energy forbids interior zeros/poles","Canonical system realisation via passivity","Strip filling via bounded characteristic and Poisson majorants","569","570","596","","","","0","0"
"627","lemma","lem:b_detector_gram","Gram/Hankel form of the $b$-detector","Canonical system realisation via passivity","A circle Hardy pole-locator identity and the $b$-detector","642","643","668","","","","0","0"
"687","lemma","lem:hardy_pole_locator","Hardy pole locator on a circle","Canonical system realisation via passivity","A circle Hardy pole-locator identity and the $b$-detector","711","713","721","","","DurenHp","0","1"
"723","corollary","cor:b_detector","$b$--detector functional","Canonical system realisation via passivity","A circle Hardy pole-locator identity and the $b$-detector","733","734","745","","lem:hardy_pole_locator","","1","0"
"747","corollary","cor:circle_hardy_certificate","Circle--Hardy certificate for zero-freeness","Canonical system realisation via passivity","A circle Hardy pole-locator identity and the $b$-detector","753","755","759","","lem:hardy_pole_locator","","1","0"
"769","lemma","lem:bc_poisson_strip","Reverse compression via the Smirnov maximum principle","Canonical system realisation via passivity","A circle Hardy pole-locator identity and the $b$-detector","778","779","787","","","","0","0"
"792","lemma","lem:W_bounded_characteristic","Uniform Nevanlinna control for $W$ on strips","Canonical system realisation via passivity","A circle Hardy pole-locator identity and the $b$-detector","795","796","801","","eq:bc_strip_weighted_int","","1","0"
"806","proposition","prop:W_strip_schur","Schur bound on a strip via the circle--Hardy certificate","Canonical system realisation via passivity","A circle Hardy pole-locator identity and the $b$-detector","814","816","824","","cor:circle_hardy_certificate;lem:bc_poisson_strip;lem:highline_contraction;lem:W_bounded_characteristic;lem:W_unit_real","","5","0"
"827","proposition","prop:W_global_schur","Global Schur bound on $\mathbb C_+$ via the circle--Hardy certificate","Canonical system realisation via passivity","A circle Hardy pole-locator identity and the $b$-detector","833","835","840","","cor:circle_hardy_certificate;prop:W_strip_schur","","2","0"
"844","theorem","thm:reverse_RH","Unconditional reverse-compression closure","Canonical system realisation via passivity","A circle Hardy pole-locator identity and the $b$-detector","848","850","879","","eq:W_strict_Cplus;lem:cayley_equiv;lem:highline_contraction;prop:W_global_schur","","4","0"
"899","theorem","thm:final_bridge_closed","Passivity-to-detector closure and strip pole-exclusion","Closing the final bottleneck: non-circular strip pole-exclusion from passivity","A circle Hardy pole-locator identity and the $b$-detector","905","907","1024","","cor:circle_hardy_certificate;cor:ID_assumptions_verified;def:circle_hardy_energy;eq:Im_mn_nonneg;eq:Im_mobius_identity;eq:Im_update_closed_form;eq:neg_mode_vanish;lem:energy_identity;lem:limit_point_unique_limit;lem:trace-lower-bound;thm:ID_unconditional;thm:R1-limit-point;thm:reverse_RH","","13","0"
"1037","lemma","lem:cayley_equiv","Cayley: Herglotz $\Longleftrightarrow$ Schur","Closing the final bottleneck: non-circular strip pole-exclusion from passivity","Step 1: Cayley equivalence (\texorpdfstring{Herglotz $\Longleftrightarrow$ Schur","1046","1048","1056","","","","0","0"
"1059","lemma","lem:pick_herglotz","Pick kernel for Herglotz","Closing the final bottleneck: non-circular strip pole-exclusion from passivity","Step 2: Pick positivity characterizations","1071","1073","1097","","def:herglotz","","1","0"
"1099","lemma","lem:pick_schur","Pick kernel for Schur {\normalfont(see e.g.\ \cite{agler_mccarthy2002})}","Closing the final bottleneck: non-circular strip pole-exclusion from passivity","Step 2: Pick positivity characterizations","1107","1109","1111","","lem:cayley_equiv;lem:pick_herglotz","","2","0"
"1123","lemma","lem:schur_debranges","Schur $\Longleftrightarrow$ de Branges kernel PSD {\normalfont(see \cite{debranges1968})}","Closing the final bottleneck: non-circular strip pole-exclusion from passivity","Step 3: de Branges kernel (\texorpdfstring{Schur $\Longleftrightarrow$ HB / kernel PSD","1138","1140","1145","","eq:kernel_factorization;lem:pick_schur","","2","0"
"1148","theorem","thm:Lstar","L$^\ast$: equivalence package","Closing the final bottleneck: non-circular strip pole-exclusion from passivity","\texorpdfstring{$L^\ast$","1161","1163","1165","","lem:cayley_equiv;lem:pick_herglotz;lem:pick_schur;lem:schur_debranges","","4","0"
"1168","lemma","lem:no_zeros_from_herglotz","Herglotz log-derivative forbids zeros in $\mathbb{C}_+$","Closing the final bottleneck: non-circular strip pole-exclusion from passivity","Bridge to RH (zeros forced to the real axis)","1172","1174","1178","","","","0","0"
"1180","corollary","cor:rh_from_Lstar","RH from L$^\ast$","Closing the final bottleneck: non-circular strip pole-exclusion from passivity","Bridge to RH (zeros forced to the real axis)","1185","1186","1195","","lem:no_zeros_from_herglotz","","1","0"
"1212","lemma","lem:energy_identity","Energy identity / $J$-contractivity","Discrete canonical step (B2-1): \texorpdfstring{$J$-contractive","Bridge to RH (zeros forced to the real axis)","1219","1220","1239","","","","0","0"
"1241","corollary","cor:mobius_herglotz","M\""obius update preserves Herglotz","Discrete canonical step (B2-1): \texorpdfstring{$J$-contractive","Bridge to RH (zeros forced to the real axis)","1246","1247","1263","","eq:energy_identity","","1","0"
"1277","lemma","lem:polarized_J_kernel","Polarized $J$-contractivity kernel","Discrete canonical step (B2-1): \texorpdfstring{$J$-contractive","Polarized identity and finite Pick kernels","1285","1287","1295","","","","0","0"
"1308","lemma","lem:discrete_lagrange_gram","Discrete Lagrange identity / Gram sum","Discrete canonical step (B2-1): \texorpdfstring{$J$-contractive","Polarized identity and finite Pick kernels","1317","1319","1328","","lem:polarized_J_kernel","","1","0"
"1330","corollary","cor:pick_kernel_compression","Finite Pick kernel as a compression","Discrete canonical step (B2-1): \texorpdfstring{$J$-contractive","Polarized identity and finite Pick kernels","1345","1347","1410","","cor:mobius_herglotz;eq:matrix_pick_kernel;eq:pick_kernel_compression_formula;lem:discrete_lagrange_gram","","4","0"
"1482","lemma","lem:canonical_trunc_detector0","Canonical truncations have no negative modes on circles","R1: Weyl disk collapse (limit-point) for the reconstructed discrete canonical system","Unconditional target identification from disk collapse and circle-Hardy rigidity","1491","1493","1509","","cor:mobius_herglotz","","1","0"
"1517","lemma","lem:jet_consistency","Jet consistency for the finite-section Schur recursion","R1: Weyl disk collapse (limit-point) for the reconstructed discrete canonical system","Unconditional target identification from disk collapse and circle-Hardy rigidity","1537","1539","1572","","eq:jet_match;eq:jet_match_strong;eq:schur_iterate_def;eq:schur_reverse_def","","4","0"
"1574","theorem","thm:ID_unconditional","Identification by germ matching and circle-Hardy rigidity","R1: Weyl disk collapse (limit-point) for the reconstructed discrete canonical system","Unconditional target identification from disk collapse and circle-Hardy rigidity","1589","1591","1621","","cor:ID_assumptions_verified;eq:Scal_def;eq:TI_R0;lem:hardy_pole_locator;lem:R0_jet_pinning","","5","0"
"1623","corollary","cor:ID_assumptions_verified","Internal verification of assumptions \textup{(I1)}--\textup{(I3)}","R1: Weyl disk collapse (limit-point) for the reconstructed discrete canonical system","Unconditional target identification from disk collapse and circle-Hardy rigidity","1634","1636","1639","","","","0","0"
"1687","lemma","lem:R1-circle-eq","Weyl circle equation","R1: Weyl disk collapse (limit-point) for the reconstructed discrete canonical system","Weyl circle as a single quadratic form","1697","1698","1721","","eq:R1-circle-eq;eq:R1-circle-expanded;lem:R1-membership","","3","0"
"1729","lemma","lem:R1-membership","Quadratic-form sign and disk membership","R1: Weyl disk collapse (limit-point) for the reconstructed discrete canonical system","Weyl disk membership inequality","1749","1750","1760","","eq:R1-membership-identity","","1","0"
"1762","lemma","lem:R1-radius-formula","Radius formula","R1: Weyl disk collapse (limit-point) for the reconstructed discrete canonical system","Weyl disk membership inequality","1767","1768","1784","","eq:R1-circle-expanded;eq:R1-radius","","2","0"
"1786","lemma","lem:R1-minimax","Center form and minimax (minimum-error) bound","R1: Weyl disk collapse (limit-point) for the reconstructed discrete canonical system","Weyl disk membership inequality","1800","1801","1823","","lem:R1-radius-formula","","1","0"
"1825","corollary","cor:R1-minerr-conv","Minimum-error convergence","R1: Weyl disk collapse (limit-point) for the reconstructed discrete canonical system","Weyl disk membership inequality","1832","1834","1838","","eq:R1-center-error;eq:R1-circle-expanded;eq:R1-disk-center;eq:R1-minimax-eq;lem:R1-radius-formula","","5","0"
"1840","lemma","lem:limit_point_unique_limit","Limit-point collapse $\Rightarrow$ unique Herglotz limit (locally uniform)","R1: Weyl disk collapse (limit-point) for the reconstructed discrete canonical system","Weyl disk membership inequality","1849","1851","1860","","cor:R1-minerr-conv","","1","0"
"1893","lemma","lem:R1-det1","Unimodularity","R1: Weyl disk collapse (limit-point) for the reconstructed discrete canonical system","\texorpdfstring{Determinant normalization and the ``$1/q_{11","1895","1897","1912","","","","0","0"
"1914","lemma","lem:R1-detQ","Fixed determinant of the Weyl circle matrix","R1: Weyl disk collapse (limit-point) for the reconstructed discrete canonical system","\texorpdfstring{Determinant normalization and the ``$1/q_{11","1919","1921","1925","","lem:R1-det1","","1","0"
"1962","lemma","lem:R1_energy_coercive","Energy-coercive criterion for Weyl-disk collapse","R1: Weyl disk collapse (limit-point) for the reconstructed discrete canonical system","An internal coercive route to radius collapse","1981","1983","2007","","eq:R1-radius-energy","","1","0"
"2009","lemma","lem:R1_overlap_reduction","Reduction of overlap bound to norm/angle bounds","R1: Weyl disk collapse (limit-point) for the reconstructed discrete canonical system","An internal coercive route to radius collapse","2024","2026","2034","","","","0","0"
"2038","lemma","lem:R1_lagrange_identity_global","Global Lagrange identity on truncations","R1: Weyl disk collapse (limit-point) for the reconstructed discrete canonical system","Limit-point criterion and closure of R1","2047","2049","2068","","eq:R1-energy-n;eq:R1-lagrange-global","","2","0"
"2070","lemma","lem:R1_two_channel_trace_compare","Two-channel trace comparison","R1: Weyl disk collapse (limit-point) for the reconstructed discrete canonical system","Limit-point criterion and closure of R1","2082","2084","2114","","","","0","0"
"2116","lemma","lem:R1_rank1_transport_invariance","Rank-one transport invariance","R1: Weyl disk collapse (limit-point) for the reconstructed discrete canonical system","Limit-point criterion and closure of R1","2127","2129","2161","","","","0","0"
"2163","lemma","lem:R1_limit_circle_implies_finite_mass","Limit-circle regime plus CS2 forces finite total mass","R1: Weyl disk collapse (limit-point) for the reconstructed discrete canonical system","Limit-point criterion and closure of R1","2179","2181","2322","Proof (algebraic reduction; remaining frame bound \textup{(CS2)})","eq:R1-circle-expanded;eq:R1-disk-center;eq:R1-QE-link;eq:R1-radius-energy;eq:R1-radius-q11;lem:R1_lagrange_identity_global;lem:R1_rank1_transport_invariance;lem:R1_two_channel_trace_compare;lem:R1-det1","","9","0"
"2325","lemma","lem:R1_CS2_equiv","Equivalent forms of CS2","R1: Weyl disk collapse (limit-point) for the reconstructed discrete canonical system","Limit-point criterion and closure of R1","2356","2357","2385","","eq:R1-CS2;eq:R1-CS2-tail;lem:R1-det1","","3","0"
"2387","lemma","lem:R1_general_step_inverse_bound_sector","General one-step inverse bound in the nonnegative-\texorpdfstring{$\Re(z^2)$}{Re(z^2)} sector","R1: Weyl disk collapse (limit-point) for the reconstructed discrete canonical system","Limit-point criterion and closure of R1","2400","2401","2460","","","","0","0"
"2462","corollary","cor:R1_CS2_tail_mass_window_sector","Tail-window bound implies CS2 in the nonnegative-\texorpdfstring{$\Re(z_0^2)$}{Re(z0^2)} sector","R1: Weyl disk collapse (limit-point) for the reconstructed discrete canonical system","Limit-point criterion and closure of R1","2471","2472","2502","","eq:R1-CS2;eq:R1-CS2-tail;eq:R1-tail-window;lem:R1_CS2_equiv;lem:R1_general_step_inverse_bound_sector","","5","0"
"2504","lemma","lem:R1_rank1_step_linear","Exact rank-one step linearization","R1: Weyl disk collapse (limit-point) for the reconstructed discrete canonical system","Limit-point criterion and closure of R1","2517","2518","2535","","lem:R1_rank1_transport_invariance","","1","0"
"2537","lemma","lem:R1_rank1_mixed_factor","Mixed rank-one factors and symplectic coupling","R1: Weyl disk collapse (limit-point) for the reconstructed discrete canonical system","Limit-point criterion and closure of R1","2556","2557","2567","","","","0","0"
"2569","corollary","cor:R1_linear_tail_under_symplectic_orth","Exact linear tail formula under pairwise symplectic orthogonality","R1: Weyl disk collapse (limit-point) for the reconstructed discrete canonical system","Limit-point criterion and closure of R1","2591","2592","2605","","lem:R1_rank1_mixed_factor;lem:R1_rank1_step_linear","","2","0"
"2607","lemma","lem:R1_CS2_tail_mass_window","Tail-mass window bound implies CS2","R1: Weyl disk collapse (limit-point) for the reconstructed discrete canonical system","Limit-point criterion and closure of R1","2619","2620","2665","","eq:R1-CS2;eq:R1-CS2-tail;eq:R1-tail-window-rank1;lem:R1_CS2_equiv;lem:R1_rank1_step_linear","","5","0"
"2667","corollary","cor:R1_kappa_tail_exp","Universal exponential control of \texorpdfstring{$\kappa_{k,j}$}{kappa} by tail mass","R1: Weyl disk collapse (limit-point) for the reconstructed discrete canonical system","Limit-point criterion and closure of R1","2680","2681","2694","","lem:R1_CS2_equiv","","1","0"
"2696","lemma","lem:R1_radiusfloor_kappa_bottleneck","Radius-floor reduction to frame-growth bottleneck","R1: Weyl disk collapse (limit-point) for the reconstructed discrete canonical system","Limit-point criterion and closure of R1","2734","2735","2795","","eq:R1_prefix_trace_kappa_bottleneck;eq:R1-circle-expanded;eq:R1-disk-center;eq:R1-QE-link;eq:R1-radius-energy;eq:R1-radius-q11;lem:R1_two_channel_trace_compare","","7","0"
"2797","corollary","cor:R1_kappa_lower_from_prefix","Quantitative lower bound on frame growth from prefix mass","R1: Weyl disk collapse (limit-point) for the reconstructed discrete canonical system","Limit-point criterion and closure of R1","2813","2814","2817","","eq:R1_prefix_trace_kappa_bottleneck","","1","0"
"2819","lemma","lem:R1_kappa_pointwise_tail_exp","Pointwise exponential upper control of \texorpdfstring{$\kappa_{k,j}$}{kappa} by tail mass in the rank-one branch","R1: Weyl disk collapse (limit-point) for the reconstructed discrete canonical system","Limit-point criterion and closure of R1","2834","2835","2867","","eq:R1-tail-window-rank1;lem:R1_CS2_equiv;lem:R1_rank1_step_linear","","3","0"
"2869","corollary","cor:R1_Kj_prefix_equiv_rank1","On a radius-floor rank-one subsequence, \texorpdfstring{$K_j$}{Kj} and prefix mass are equivalent growth scales","R1: Weyl disk collapse (limit-point) for the reconstructed discrete canonical system","Limit-point criterion and closure of R1","2896","2897","2907","","cor:R1_kappa_lower_from_prefix;lem:R1_kappa_pointwise_tail_exp","","2","0"
"2909","corollary","cor:R1_CS2_equiv_Kj","CS2 is exactly uniform boundedness of \texorpdfstring{$K_j$}{Kj}","R1: Weyl disk collapse (limit-point) for the reconstructed discrete canonical system","Limit-point criterion and closure of R1","2920","2921","2931","","eq:R1-CS2","","1","0"
"2933","proposition","prop:R1_rank1_exact_closure_reduction","Exact rank-one closure reduction on a radius-floor subsequence","R1: Weyl disk collapse (limit-point) for the reconstructed discrete canonical system","Limit-point criterion and closure of R1","2955","2956","2961","","cor:R1_CS2_equiv_Kj;cor:R1_Kj_prefix_equiv_rank1;lem:R1_tailwindow_prefix_equiv","","3","0"
"2963","corollary","cor:R1_obstruction_certificate","Obstruction certificate on a radius-floor subsequence","R1: Weyl disk collapse (limit-point) for the reconstructed discrete canonical system","Limit-point criterion and closure of R1","2974","2975","2988","","cor:R1_CS2_equiv_Kj;cor:R1_kappa_lower_from_prefix;eq:R1-CS2;eq:R1-tail-window;prop:R1_rank1_exact_closure_reduction","","5","0"
"2990","corollary","cor:R1_rank1_radiusfloor_dichotomy","Rank-one radius-floor dichotomy","R1: Weyl disk collapse (limit-point) for the reconstructed discrete canonical system","Limit-point criterion and closure of R1","3025","3026","3038","","cor:R1_obstruction_certificate;eq:R1-CS2;eq:R1-tail-window;prop:R1_rank1_exact_closure_reduction","","4","0"
"3040","lemma","lem:R1_prefix_subsequence_divergence","Prefix mass along subsequences under total-mass divergence","R1: Weyl disk collapse (limit-point) for the reconstructed discrete canonical system","Limit-point criterion and closure of R1","3053","3054","3060","","","","0","0"
"3062","corollary","cor:R1_mass_divergence_selects_divergent_branch","Under mass divergence, only the divergent branch can occur","R1: Weyl disk collapse (limit-point) for the reconstructed discrete canonical system","Limit-point criterion and closure of R1","3076","3077","3081","","cor:R1_rank1_radiusfloor_dichotomy;lem:R1_prefix_subsequence_divergence","","2","0"
"3083","corollary","cor:R1_rank1_closure_excludes_radiusfloor","Rank-one mass-divergence excludes radius-floor subsequences","R1: Weyl disk collapse (limit-point) for the reconstructed discrete canonical system","Limit-point criterion and closure of R1","3094","3095","3097","","thm:R1_mass_divergence_internal","","1","0"
"3099","lemma","lem:R1_Jform_not_CS2","Bounded \texorpdfstring{$J$}{J}-form does not force CS2","R1: Weyl disk collapse (limit-point) for the reconstructed discrete canonical system","Limit-point criterion and closure of R1","3114","3115","3134","","","","0","0"
"3146","corollary","cor:R1_bounded_Kj_implies_finite_mass","Radius-floor plus bounded \texorpdfstring{$K_j$}{Kj} implies finite mass","R1: Weyl disk collapse (limit-point) for the reconstructed discrete canonical system","Limit-point criterion and closure of R1","3155","3156","3169","","eq:R1_prefix_trace_kappa_bottleneck","","1","0"
"3171","lemma","lem:R1_tailwindow_direct_finite_mass","Prefix-mass bound directly forces finite total mass","R1: Weyl disk collapse (limit-point) for the reconstructed discrete canonical system","Limit-point criterion and closure of R1","3180","3181","3187","","","","0","0"
"3189","lemma","lem:R1_tailwindow_prefix_equiv","Tail-window and prefix-window are equivalent for nonnegative trace","R1: Weyl disk collapse (limit-point) for the reconstructed discrete canonical system","Limit-point criterion and closure of R1","3199","3200","3221","","","","0","0"
"3223","theorem","thm:R1_rank1_tailwindow_principle","Independent closure from a prefix-mass principle","R1: Weyl disk collapse (limit-point) for the reconstructed discrete canonical system","Limit-point criterion and closure of R1","3240","3241","3251","","eq:R1-prefix-window-direct;lem:R1_tailwindow_direct_finite_mass","","2","0"
"3253","proposition","prop:R1_uniform_ellipticity_finite_mass","Uniform-ellipticity branch closes R1 without CS2","R1: Weyl disk collapse (limit-point) for the reconstructed discrete canonical system","Limit-point criterion and closure of R1","3265","3266","3315","","eq:R1_uniform_ellipticity;lem:R1-det1","","2","0"
"3317","corollary","cor:R1_uniform_ellipticity_collapse","Mass divergence implies collapse under uniform ellipticity","R1: Weyl disk collapse (limit-point) for the reconstructed discrete canonical system","Limit-point criterion and closure of R1","3327","3328","3332","","prop:R1_uniform_ellipticity_finite_mass","","1","0"
"3347","proposition","prop:R1_CS2_structured_linear","Structured CS2 closure with explicit polynomial bound","R1: Weyl disk collapse (limit-point) for the reconstructed discrete canonical system","Limit-point criterion and closure of R1","3363","3364","3382","","cor:R1_linear_tail_under_symplectic_orth;eq:R1-CS2-tail;eq:R1-window-symplectic-orth;lem:R1_CS2_equiv","","4","0"
"3384","corollary","cor:R1_CS2_structured_lagrangian_line","Structured CS2 via one Lagrangian direction per subsequence window","R1: Weyl disk collapse (limit-point) for the reconstructed discrete canonical system","Limit-point criterion and closure of R1","3396","3397","3409","","eq:R1-window-lagrangian-line;eq:R1-window-symplectic-orth;prop:R1_CS2_structured_linear","","3","0"
"3411","proposition","prop:R1_prefix_mass_collinear_visible","Prefix-mass bound from collinear windows","R1: Weyl disk collapse (limit-point) for the reconstructed discrete canonical system","Limit-point criterion and closure of R1","3429","3430","3508","","cor:R1_linear_tail_under_symplectic_orth;eq:R1-circle-expanded;eq:R1-disk-center;eq:R1-prefix-bound-collinear-visible;eq:R1-radius-q11","","5","0"
"3510","corollary","cor:R1_collapse_collinear_visible","Collapse from collinear windows","R1: Weyl disk collapse (limit-point) for the reconstructed discrete canonical system","Limit-point criterion and closure of R1","3522","3523","3528","","prop:R1_prefix_mass_collinear_visible;thm:R1_rank1_tailwindow_principle","","2","0"
"3530","lemma","lem:R1_collinear_from_rank1_aggregate","Collinearity from rank-one aggregate windows","R1: Weyl disk collapse (limit-point) for the reconstructed discrete canonical system","Limit-point criterion and closure of R1","3540","3541","3558","","","","0","0"
"3560","corollary","cor:R1_prefix_mass_from_rank1_aggregate","Prefix-mass bound from rank-one aggregate windows","R1: Weyl disk collapse (limit-point) for the reconstructed discrete canonical system","Limit-point criterion and closure of R1","3576","3577","3585","","lem:R1_collinear_from_rank1_aggregate;prop:R1_prefix_mass_collinear_visible","","2","0"
"3587","corollary","cor:R1_collapse_rank1_aggregate","Collapse from rank-one aggregate windows","R1: Weyl disk collapse (limit-point) for the reconstructed discrete canonical system","Limit-point criterion and closure of R1","3602","3603","3608","","cor:R1_prefix_mass_from_rank1_aggregate;thm:R1_rank1_tailwindow_principle","","2","0"
"3610","lemma","lem:R1_rank1_aggregate_det_equiv","Rank-one aggregate criterion via determinant","R1: Weyl disk collapse (limit-point) for the reconstructed discrete canonical system","Limit-point criterion and closure of R1","3617","3618","3623","","","","0","0"
"3625","lemma","lem:R1_rank1_aggregate_det_expansion","Determinant expansion for rank-one aggregate windows","R1: Weyl disk collapse (limit-point) for the reconstructed discrete canonical system","Limit-point criterion and closure of R1","3642","3643","3659","","","","0","0"
"3661","lemma","lem:R1_atomic_aggregate_det_expansion","Atomic determinant expansion for aggregate windows","R1: Weyl disk collapse (limit-point) for the reconstructed discrete canonical system","Limit-point criterion and closure of R1","3672","3673","3682","","","","0","0"
"3684","corollary","cor:R1_det_zero_forces_sympl_orth_pairs","Zero aggregate determinant forces vanishing pairwise symplectic couplings","R1: Weyl disk collapse (limit-point) for the reconstructed discrete canonical system","Limit-point criterion and closure of R1","3692","3693","3696","","lem:R1_rank1_aggregate_det_expansion","","1","0"
"3698","corollary","cor:R1_collapse_det_zero_aggregate","Collapse from zero-determinant aggregate windows","R1: Weyl disk collapse (limit-point) for the reconstructed discrete canonical system","Limit-point criterion and closure of R1","3713","3714","3719","","cor:R1_collapse_rank1_aggregate;lem:R1_rank1_aggregate_det_equiv","","2","0"
"3721","lemma","lem:R1_sympl_orth_collinear_equiv","Symplectic orthogonality is equivalent to one-direction windows in \texorpdfstring{$\R^2$}{R2}","R1: Weyl disk collapse (limit-point) for the reconstructed discrete canonical system","Limit-point criterion and closure of R1","3728","3729","3737","","","","0","0"
"3739","proposition","prop:R1_radiusfloor_closure","Radius-floor closure from the target mass-divergence theorem","R1: Weyl disk collapse (limit-point) for the reconstructed discrete canonical system","Limit-point criterion and closure of R1","3750","3751","3763","","lem:R1_tailwindow_prefix_equiv;prop:R1_classical_mass;prop:R1_classical_mass_applicability","","3","0"
"3765","proposition","prop:R1_CS2_on_radiusfloor_target","CS2 on radius-floor subsequences (closed target)","R1: Weyl disk collapse (limit-point) for the reconstructed discrete canonical system","Limit-point criterion and closure of R1","3776","3777","3784","","prop:R1_CS2_from_finite_total_mass;prop:R1_radiusfloor_closure","","2","0"
"3786","proposition","prop:R1_CS2_from_finite_total_mass","CS2 from finite total mass","R1: Weyl disk collapse (limit-point) for the reconstructed discrete canonical system","Limit-point criterion and closure of R1","3801","3802","3864","","eq:R1-CS2;eq:R1-CS2-tail;lem:R1_CS2_equiv","","3","0"
"3866","proposition","prop:R1_CS2_collinear_windows","CS2 from collinear windows","R1: Weyl disk collapse (limit-point) for the reconstructed discrete canonical system","Limit-point criterion and closure of R1","3881","3882","3903","","cor:R1_CS2_structured_lagrangian_line;eq:R1-CS2;eq:R1-tail-window-collinear;eq:R1-window-lagrangian-line;lem:R1_tailwindow_prefix_equiv;prop:R1_prefix_mass_collinear_visible","","6","0"
"3905","corollary","cor:R1_CS2_rank1_aggregate","CS2 from rank-one aggregate windows","R1: Weyl disk collapse (limit-point) for the reconstructed discrete canonical system","Limit-point criterion and closure of R1","3917","3918","3927","","lem:R1_collinear_from_rank1_aggregate;prop:R1_CS2_collinear_windows","","2","0"
"3929","corollary","cor:R1_CS2_det_zero_aggregate","CS2 from zero-determinant aggregate windows","R1: Weyl disk collapse (limit-point) for the reconstructed discrete canonical system","Limit-point criterion and closure of R1","3941","3942","3947","","cor:R1_CS2_rank1_aggregate;lem:R1_rank1_aggregate_det_equiv","","2","0"
"3949","corollary","cor:R1_CS2_zero_sympl_area_sum","CS2 from vanishing symplectic-area sum on windows","R1: Weyl disk collapse (limit-point) for the reconstructed discrete canonical system","Limit-point criterion and closure of R1","3970","3971","3976","","cor:R1_CS2_det_zero_aggregate;lem:R1_rank1_aggregate_det_expansion","","2","0"
"3978","corollary","cor:R1_CS2_atomic_sympl_orth_windows","CS2 from atomic symplectic orthogonality on windows","R1: Weyl disk collapse (limit-point) for the reconstructed discrete canonical system","Limit-point criterion and closure of R1","3996","3997","4007","","cor:R1_CS2_det_zero_aggregate;lem:R1_atomic_aggregate_det_expansion","","2","0"
"4009","proposition","prop:R1_CS2_spd_floor","CS2 from uniform SPD floor on windows","R1: Weyl disk collapse (limit-point) for the reconstructed discrete canonical system","Limit-point criterion and closure of R1","4021","4022","4067","","eq:R1-CS2;lem:R1_CS2_equiv;lem:R1_radiusfloor_kappa_bottleneck;lem:R1-det1","","4","0"
"4069","lemma","lem:R1_frame_ratio_kappa_balance","Pointwise balance between transported-frame coercivity and frame growth","R1: Weyl disk collapse (limit-point) for the reconstructed discrete canonical system","Limit-point criterion and closure of R1","4090","4091","4123","","lem:R1_CS2_equiv;lem:R1-det1","","2","0"
"4125","proposition","prop:R1_CS2_frame_coercivity_windows","CS2 from transported-frame coercivity on windows","R1: Weyl disk collapse (limit-point) for the reconstructed discrete canonical system","Limit-point criterion and closure of R1","4143","4144","4166","","eq:R1-CS2;lem:R1_frame_ratio_kappa_balance","","2","0"
"4168","corollary","cor:R1_CS2_failure_forces_vanishing_frame_coercivity","Failure of CS2 on a radius-floor subsequence forces vanishing transported-frame coercivity","R1: Weyl disk collapse (limit-point) for the reconstructed discrete canonical system","Limit-point criterion and closure of R1","4184","4185","4195","","prop:R1_CS2_frame_coercivity_windows;prop:R1_CS2_on_radiusfloor_target","","2","0"
"4197","corollary","cor:R1_CS2_from_maxindex_frame_coercivity","CS2 from transported-frame coercivity at maximal-frame indices","R1: Weyl disk collapse (limit-point) for the reconstructed discrete canonical system","Limit-point criterion and closure of R1","4218","4219","4235","","cor:R1_CS2_equiv_Kj;eq:R1-CS2;lem:R1_frame_ratio_kappa_balance","","3","0"
"4237","corollary","cor:R1_CS2_failure_forces_vanishing_maxindex_frame_coercivity","Failure of CS2 forces vanishing maximal-index transported-frame coercivity","R1: Weyl disk collapse (limit-point) for the reconstructed discrete canonical system","Limit-point criterion and closure of R1","4254","4255","4266","","cor:R1_CS2_from_maxindex_frame_coercivity;prop:R1_CS2_on_radiusfloor_target","","2","0"
"4268","corollary","cor:R1_CS2_failure_forces_vanishing_coercivity","Failure of CS2 on a radius-floor subsequence forces vanishing local coercivity","R1: Weyl disk collapse (limit-point) for the reconstructed discrete canonical system","Limit-point criterion and closure of R1","4282","4283","4291","","prop:R1_CS2_on_radiusfloor_target;prop:R1_CS2_spd_floor","","2","0"
"4293","corollary","prop:R1_CS2_uniform_elliptic_tracefloor","CS2 from uniform ellipticity with trace floor on windows","R1: Weyl disk collapse (limit-point) for the reconstructed discrete canonical system","Limit-point criterion and closure of R1","4307","4308","4316","","prop:R1_CS2_spd_floor","","1","0"
"4318","corollary","cor:R1_CS2_detfloor_tracecap","CS2 from determinant floor and trace cap on windows","R1: Weyl disk collapse (limit-point) for the reconstructed discrete canonical system","Limit-point criterion and closure of R1","4332","4333","4350","","prop:R1_CS2_spd_floor","","1","0"
"4352","corollary","cor:R1_CS2_invtracecap","CS2 from inverse-trace cap on windows","R1: Weyl disk collapse (limit-point) for the reconstructed discrete canonical system","Limit-point criterion and closure of R1","4365","4366","4382","","prop:R1_CS2_spd_floor","","1","0"
"4384","corollary","cor:R1_collapse_atomic_sympl_orth","Collapse from atomic symplectic orthogonality windows","R1: Weyl disk collapse (limit-point) for the reconstructed discrete canonical system","Limit-point criterion and closure of R1","4396","4397","4407","","cor:R1_CS2_atomic_sympl_orth_windows;eq:R1-CS2;lem:R1_limit_circle_implies_finite_mass","","3","0"
"4409","corollary","cor:R1_collapse_spd_floor","Direct collapse from global uniform SPD floor","R1: Weyl disk collapse (limit-point) for the reconstructed discrete canonical system","Limit-point criterion and closure of R1","4418","4419","4428","","eq:R1-CS2;lem:R1_limit_circle_implies_finite_mass;prop:R1_CS2_spd_floor","","3","0"
"4430","corollary","cor:R1_collapse_uniform_elliptic_tracefloor","Direct collapse from global uniform ellipticity with trace floor","R1: Weyl disk collapse (limit-point) for the reconstructed discrete canonical system","Limit-point criterion and closure of R1","4441","4442","4450","","cor:R1_collapse_spd_floor","","1","0"
"4452","corollary","cor:R1_collapse_invtracecap","Direct collapse from global inverse-trace cap","R1: Weyl disk collapse (limit-point) for the reconstructed discrete canonical system","Limit-point criterion and closure of R1","4463","4464","4475","","cor:R1_collapse_spd_floor","","1","0"
"4477","corollary","cor:R1_collapse_detfloor_tracecap","Direct collapse from global determinant floor and trace cap","R1: Weyl disk collapse (limit-point) for the reconstructed discrete canonical system","Limit-point criterion and closure of R1","4488","4489","4504","","cor:R1_collapse_spd_floor","","1","0"
"4578","theorem","thm:R1_mass_divergence_internal","Mass-divergence criterion for radius collapse","R1: Weyl disk collapse (limit-point) for the reconstructed discrete canonical system","Limit-point criterion and closure of R1","4587","4589","4600","","prop:R1_radiusfloor_closure","","1","0"
"4602","corollary","cor:R1_rank1_closure_hyp_reform","Rank-one reformulation on radius-floor subsequences","R1: Weyl disk collapse (limit-point) for the reconstructed discrete canonical system","Limit-point criterion and closure of R1","4618","4619","4631","","eq:R1-CS2;eq:R1-tail-window;prop:R1_radiusfloor_closure;prop:R1_rank1_exact_closure_reduction","","4","0"
"4633","theorem","prop:R1_classical_mass","Mass-divergence criterion for canonical systems (self-contained target)","R1: Weyl disk collapse (limit-point) for the reconstructed discrete canonical system","Limit-point criterion and closure of R1","4642","","","","","","0","0"
"4651","proposition","prop:R1_classical_mass_applicability","Applicability of Theorem~\ref{prop:R1_classical_mass} to the present chain","R1: Weyl disk collapse (limit-point) for the reconstructed discrete canonical system","Limit-point criterion and closure of R1","4664","4665","4670","","eq:R1-disk;eq:R1-radius;eq:R1-step;lem:energy_identity;sec:R1","","5","0"
"4672","theorem","thm:R1-limit-point","Limit-point and Weyl disk collapse","R1: Weyl disk collapse (limit-point) for the reconstructed discrete canonical system","Limit-point criterion and closure of R1","4679","4681","4725","","cor:R1_rank1_closure_excludes_radiusfloor;cor:R1_rank1_closure_hyp_reform;cor:R1_uniform_ellipticity_collapse;eq:R1_uniform_ellipticity;eq:R1-collapse;eq:R1-CS2;eq:R1-energy-step;eq:R1-radius-energy;lem:limit_point_unique_limit;lem:R1_energy_coercive;lem:R1_overlap_reduction;lem:trace-lower-bound;prop:R1_classical_mass;prop:R1_classical_mass_applicability;prop:R1_radiusfloor_closure;thm:R1_mass_divergence_internal","","16","0"
"4727","lemma","lem:trace-lower-bound","Automatic divergence for Schur--Hamiltonian blocks","R1: Weyl disk collapse (limit-point) for the reconstructed discrete canonical system","Limit-point criterion and closure of R1","4739","4741","4743","","","","0","0"
"4764","lemma","lem:PGL-cross","Cross-cancellation test in \texorpdfstring{$\mathrm{PGL}(2,\C)$}{PGL(2,C)}","R2: Dynamic equilibrium of the Schur--canonical cocycle (holonomy + leakage)","M\""obius maps as PGL(2,C) elements","4776","4777","4792","","","","0","0"
"4838","theorem","thm:R2_dynamic_equilibrium","Dynamic equilibrium normal form","R2: Dynamic equilibrium of the Schur--canonical cocycle (holonomy + leakage)","Dynamic equilibrium viewpoint: cocycles, holonomy, and leakage","4859","4861","4921","","lem:gyro_angle_series;lem:gyro_gyration","","2","0"
"4923","lemma","lem:r_to_1_schur_limit","Limit passage for a Schur family as $r\uparrow 1$","R2: Dynamic equilibrium of the Schur--canonical cocycle (holonomy + leakage)","Dynamic equilibrium viewpoint: cocycles, holonomy, and leakage","4940","4942","4960","","","","0","0"
"4982","lemma","lem:H_infty_pinning","Stirling pinning for $H$","R2: Dynamic equilibrium of the Schur--canonical cocycle (holonomy + leakage)","Infinity normalization and analytic pinning at $\Im z\to+\infty$","4996","4998","5015","","","DLMF511","0","1"
"5017","corollary","cor:W_infty_limit","Limit and rate for $W$","R2: Dynamic equilibrium of the Schur--canonical cocycle (holonomy + leakage)","Infinity normalization and analytic pinning at $\Im z\to+\infty$","5023","5025","5029","","lem:H_infty_pinning","","1","0"
"5054","lemma","lem:independent_inequality","Pointwise nonnegativity and rigidity","R2: Dynamic equilibrium of the Schur--canonical cocycle (holonomy + leakage)","Entropy sum rule and the ``independent inequality'' anchor","5061","5063","5067","","","","0","0"
"5106","lemma","lem:gyro_gyration","Gyroassociativity and the gyration phase","R2: Dynamic equilibrium of the Schur--canonical cocycle (holonomy + leakage)","Optional calibration by a fixed disk automorphism \texorpdfstring{$R_0$","5119","5120","5129","","eq:gyration_phase;eq:gyroassociative;eq:tau_factorization","","3","0"
"5131","lemma","lem:gyro_angle_series","Gyration angle: exact series and a tail bound","R2: Dynamic equilibrium of the Schur--canonical cocycle (holonomy + leakage)","Optional calibration by a fixed disk automorphism \texorpdfstring{$R_0$","5158","5159","5166","","eq:gyration_log_series;eq:gyration_phase;eq:gyration_phi_bound;eq:gyration_phi_series","","4","0"
"5168","lemma","lem:gyro_tail_convergence","Tail convergence of the cumulative gyration phase at fixed $r<1$","R2: Dynamic equilibrium of the Schur--canonical cocycle (holonomy + leakage)","Optional calibration by a fixed disk automorphism \texorpdfstring{$R_0$","5192","5193","5200","","eq:alpha_exp_decay;eq:gyro_tail_bound;lem:gyro_angle_series","GeronimoBaxter2005;SimonExpDecay2007","3","2"
"5207","lemma","lem:R0_jet_pinning","Uniqueness and explicit formula for $R_0$ from a $1$-jet","R2: Dynamic equilibrium of the Schur--canonical cocycle (holonomy + leakage)","Optional calibration by a fixed disk automorphism \texorpdfstring{$R_0$","5226","5227","5237","","eq:R0_jet_factorization;eq:R0_jet_phase","","2","0"
"5241","corollary","cor:R0_jet_schur_form","Schur-parameter form of the $1$-jet calibration","R2: Dynamic equilibrium of the Schur--canonical cocycle (holonomy + leakage)","Optional calibration by a fixed disk automorphism \texorpdfstring{$R_0$","5267","5268","5335","","eq:R0_schur_beta_relations;eq:R0_standard_form","","2","0"
"5439","lemma","lem:chol-cert","Residual-based PSD certification","A2: finite-section Toeplitz contraction and a certified PSD lower bound","Cholesky residual certificate: a fully rigorous eigenvalue lower bound","5454","5456","5463","","","","0","0"
"5733","lemma","lem:vertical_convolution","Vertical convolution identity","Passivity anchor: constructing a limit-point canonical system for the $\xi$--model","Gaussian vertical regularization of $\xi$","5743","5745","5762","","eq:K_alpha_bound;eq:vertical_conv_identity;eq:Xi_alpha_def;eq:zeta_star_def","","4","0"
"5765","lemma","lem:gaussian_normalization_nonzero","Well-defined Gaussian normalization","Passivity anchor: constructing a limit-point canonical system for the $\xi$--model","Gaussian vertical regularization of $\xi$","5787","5789","5815","","eq:K_alpha_bound;eq:Nalpha_def","","2","0"
"5817","lemma","lem:Xi_alpha_to_Xi","Uniform transfer $\Xi_\alpha\to\Xi$","Passivity anchor: constructing a limit-point canonical system for the $\xi$--model","Gaussian vertical regularization of $\xi$","5819","5821","5842","","eq:K_alpha_bound;eq:vertical_conv_identity;lem:vertical_convolution","","3","0"
"5856","lemma","lem:weyl_is_herglotz","Weyl $m$ is Herglotz","Passivity anchor: constructing a limit-point canonical system for the $\xi$--model","Half-line Weyl $m$--functions and the Herglotz property","5859","5861","5883","","","","0","0"
"5904","lemma","lem:selfadjoint_compact","Self-adjointness and compact resolvent","Passivity anchor: constructing a limit-point canonical system for the $\xi$--model","Weyl calibration for the regularized $\Xi_\alpha$ and passivity","5907","5909","5915","","","","0","0"
"5928","lemma","lem:stieltjes_diffquot","Stieltjes difference-quotient formula","Passivity anchor: constructing a limit-point canonical system for the $\xi$--model","Weyl calibration for the regularized $\Xi_\alpha$ and passivity","5938","5940","5953","","","","0","0"
"5955","proposition","inp:calib_arith_stieltjes","Arithmetic Stieltjes model","Passivity anchor: constructing a limit-point canonical system for the $\xi$--model","Weyl calibration for the regularized $\Xi_\alpha$ and passivity","5963","5965","5967","Proof deferred","","","0","0"
"5969","lemma","lem:m_arith_chart_derivative","Arithmetic quotient derivative on the local chart","Passivity anchor: constructing a limit-point canonical system for the $\xi$--model","Weyl calibration for the regularized $\Xi_\alpha$ and passivity","5981","5983","5989","","","","0","0"
"5991","lemma","lem:local_green_bridge_identity","Local Green bridge identity in quotient coordinates","Passivity anchor: constructing a limit-point canonical system for the $\xi$--model","Weyl calibration for the regularized $\Xi_\alpha$ and passivity","6005","6007","6038","","eq:vertical_conv_identity;eq:W_potential_def","","2","0"
"6040","proposition","inp:calib_kernel_match","Local boundary Green matching","Passivity anchor: constructing a limit-point canonical system for the $\xi$--model","Weyl calibration for the regularized $\Xi_\alpha$ and passivity","6048","6050","6064","","lem:local_green_bridge_identity;lem:m_arith_chart_derivative","","2","0"
"6081","lemma","lem:pick_kernel_two_sides","Pick kernels from the two Stieltjes models","Passivity anchor: constructing a limit-point canonical system for the $\xi$--model","Weyl calibration for the regularized $\Xi_\alpha$ and passivity","6100","6102","6138","","inp:calib_arith_stieltjes","","1","0"
"6140","lemma","lem:weyl_derivative_resolvent_square","Resolvent-square formula for the Weyl derivative","Passivity anchor: constructing a limit-point canonical system for the $\xi$--model","Weyl calibration for the regularized $\Xi_\alpha$ and passivity","6153","6155","6179","","","","0","0"
"6181","lemma","lem:local_diffquot_constant_gap","Local derivative equality implies global constant gap","Passivity anchor: constructing a limit-point canonical system for the $\xi$--model","Weyl calibration for the regularized $\Xi_\alpha$ and passivity","6188","6190","6195","","","","0","0"
"6197","lemma","lem:local_derivative_anchor_equal","Local derivative matching plus one anchor value","Passivity anchor: constructing a limit-point canonical system for the $\xi$--model","Weyl calibration for the regularized $\Xi_\alpha$ and passivity","6208","6210","6214","","lem:local_diffquot_constant_gap","","1","0"
"6216","proposition","prop:pick_kernel_equal","Calibrated equality of Weyl functions and Pick kernels","Passivity anchor: constructing a limit-point canonical system for the $\xi$--model","Weyl calibration for the regularized $\Xi_\alpha$ and passivity","6228","6230","6284","","inp:calib_kernel_match;lem:local_derivative_anchor_equal;lem:local_green_bridge_identity;lem:weyl_derivative_resolvent_square","","4","0"
"6286","theorem","thm:weyl_calibration","Weyl calibration and Hermite--Biehler property","Passivity anchor: constructing a limit-point canonical system for the $\xi$--model","Weyl calibration for the regularized $\Xi_\alpha$ and passivity","6294","6296","6312","","lem:weyl_is_herglotz;prop:pick_kernel_equal","","2","0"
"6344","corollary","cor:measure_identity_from_m","Measure identity from calibrated Weyl equality","Passivity anchor: constructing a limit-point canonical system for the $\xi$--model","Weyl calibration for the regularized $\Xi_\alpha$ and passivity","6349","6351","6371","","lem:pick_kernel_two_sides;thm:weyl_calibration","","2","0"
"6383","lemma","lem:hurwitz_rect_transfer","Hurwitz transfer on a zero-free boundary rectangle","Passivity anchor: constructing a limit-point canonical system for the $\xi$--model","Transfer $\alpha\downarrow 0$ and the $\xi$--canonical system","6392","6393","6401","","","","0","0"
"6403","theorem","thm:RH_from_anchor","Riemann Hypothesis and the passivity anchor","Passivity anchor: constructing a limit-point canonical system for the $\xi$--model","Transfer $\alpha\downarrow 0$ and the $\xi$--canonical system","6408","6410","6425","","eq:energy_identity;sec:Lstar;thm:final_bridge_closed","","3","0"
"6450","lemma","lem:alpha_k1_exact","Exact one-line update for $\alpha_{k+1}$","Diagnostic module: local Schur recursion expansions and trigger indices","Local Taylor expansions of the Schur step","6455","6457","6464","","","","0","0"
"6466","lemma","lem:bk1_exact","First derivative update","Diagnostic module: local Schur recursion expansions and trigger indices","Local Taylor expansions of the Schur step","6472","6474","6481","","eq:schur_iterate_def_local","","1","0"
